<meta>
    <map src="retro-policeint.map" dimension="0"></map>
    <map src="police-kapi-yokmus.map" dimension="0"></map>
    <script src="mapEditorScriptingExtension_s.lua" type="server"></script>
    <script src="mapEditorScriptingExtension_c.lua" type="client" validate="false"></script>

	<script type="client" src="sourceC.lua" cache="false" />
	<file src="Dosyalar/exterior_pd.txd" cache="false" />
	<file src="Dosyalar/exterior_pd.dff" cache="false" />
    <file src="Dosyalar/exterior_pd.col" cache="false" />
	<file src="Dosyalar/pd_props.txd" cache="false" />
	<file src="Dosyalar/pd_props.dff" cache="false" />
    <file src="Dosyalar/pd_props.col" cache="false" />
    <export type="shared" function="getModelIdFromName" />
    <download_priority_group>-15</download_priority_group>
</meta>
