<meta>
    <!-- INFO -->
    <info author="Zayn" type="script" name="Anti-Mod PRO (AMP)" version="1.0.1" description="Professional script for checking MODS, Handling, Binds, LAG and so much more all-in-one features" />
    <min_mta_version server="1.3.4-0.00000" client="1.5.2-9.07903"></min_mta_version>
    
    <!-- SERVER -->
    <script src="s_main.luac" />
    
    <!-- CLIENT -->
    <script src="c_main.luac" type="client" />
    <script src="c_util.lua" type="client" />
    <config src="help.xml" type="client" />
    
    <!-- IMG -->
    <file src="files/x.png" />
    
    <!-- TXD -->
    <file src="files/cheetah.txd" />
    <file src="files/bullet.txd" />
    <file src="files/sultan.txd" />
    <file src="files/tampa.txd" />
    <file src="files/sandking.txd" />
    
    <!-- DFF -->
    <file src="files/cheetah.dff" />
    <file src="files/bullet.dff" />
    <file src="files/sultan.dff" />
    <file src="files/tampa.dff" />
    <file src="files/sandking.dff" />
    
    <!-- SETTINGS -->
    <settings>
        <setting name="*FPS Limit" value="45" friendlyname="FPS Limit" accept="*" group="Monitoring:" desc="Set fps limit for AMP to monitor players *FPS in server e.g. &apos;25&apos; or &apos;32&apos;" />
        <setting name="*PING Limit" value="150" friendlyname="PING Limit" accept="*" group="Monitoring:" desc="Set ping limit for AMP to monitor players *PING in server e.g. &apos;150&apos; or &apos;200&apos;" />
        <setting name="*PACKET Limit" value="30" friendlyname="PACKET LOSS Limit" accept="*" group="Monitoring:" desc="Set packets loss limit for AMP to monitor players *PACKETS in server e.g. &apos;30&apos; or &apos;35&apos;" />
    </settings>
    
    <!-- END -->
</meta>
