<meta>

	<info author="Thomii" name="Sistema de Vehiculos" type="script" version="1.5" autostart="true"/>

	

	<script src="Tablas.lua" type="shared" cache="false"/>

	<script src="tabla_vender.lua" type="shared" cache="false"/>

	<script src="exports.lua" type="server"/>

	<script src="yo.lua" type="server"/>
	<script src="cseat.lua" type="server"/>
	
	<script src="consecionario.lua" type="server"/>

	<script src="Vehiculos_Comandos.lua" type="server"/>

	<script src="Vehiculos_Client.lua" type="client" cache="false"/>

	<script src="handbrake_s.lua" type="server"/>
	<script src="handbrake_c.lua" type="client" cache="false"/>

	<script src="Gasolinera/gaolineras.lua" type="shared" cache="false"/>

	<script src="Gasolinera/gasolinera_server.lua" type="server"/>

	<script src="Gasolinera/gasolinera_cliente.lua" type="client" cache="false"/>
	
	
	<config src="data/vehicles.xml" type="client" /> 
	<config src="data/carshops.xml" type="client" />
	

	<file   src="Png/ADMIRAL.png" />
	<file   src="Png/ALPHA.png" />
    <file   src="Png/AMBULAN.png" />
    <file   src="Png/ANDROMADA.png" />
	<file   src="Png/ARTICT1.png" />
    <file   src="Png/ARTICT2.png" />
    <file   src="Png/ARTICT3.png" />
    <file   src="Png/AT-400.png" />
    <file   src="Png/BAGBOXA.png" />
    <file   src="Png/BAGBOXB.png" />
    <file   src="Png/BAGGAGE.png" />
    <file   src="Png/BANDITO.png" />
    <file   src="Png/BANSHEE.png" />
    <file   src="Png/BARRACKS.png" />
    <file   src="Png/BEAGLE.png" />
    <file   src="Png/BENSON.png" />
    <file   src="Png/BF INJECTION.png" />
    <file   src="Png/BF-400.png" />
    <file   src="Png/BIKE.png" />
    <file   src="Png/BLADE.png" />
    <file   src="Png/BLISTA Compact.png" />
    <file   src="Png/BLOODRING BANGER.png" />
    <file   src="Png/BMX.png" />
    <file   src="Png/BOBCAT.png" />
    <file   src="Png/BOXBURG.png" />
    <file   src="Png/BOXVILLE.png" />
    <file   src="Png/BRAVURA.png" />
    <file   src="Png/BROADWAY.png" />
    <file   src="Png/BUCCANEER.png" />
    <file   src="Png/BUFFALO.png" />
    <file   src="Png/BULLET.png" />
    <file   src="Png/BURRITO.png" />
    <file   src="Png/BUS.png" />
    <file   src="Png/CABBIE.png" />
    <file   src="Png/CADRONA.png" />
    <file   src="Png/CAMPER.png" />
    <file   src="Png/CARGOBOB.png" />
    <file   src="Png/CEMENT.png" />
    <file   src="Png/CHEETAH.png" />
    <file   src="Png/CLOVER.png" />
    <file   src="Png/CLUB.png" />
    <file   src="Png/COACH.png" />
    <file   src="Png/COASTGUARD.png" />
    <file   src="Png/News Chopper.png" />
    <file   src="Png/COMBINE.png" />
    <file   src="Png/COMET.png" />
    <file   src="Png/CROPDUSTER.png" />
    <file   src="Png/DFT30.png" />
    <file   src="Png/DINGHY.png" />
    <file   src="Png/DODO.png" />
    <file   src="Png/DOZER.png" />
    <file   src="Png/DUMPER.png" />
    <file   src="Png/DUNE.png" />
    <file   src="Png/ELEGANT.png" />
    <file   src="Png/ELEGY.png" />
    <file   src="Png/EMPEROR.png" />
    <file   src="Png/ENFORCER.png" />
    <file   src="Png/ESPERANTO.png" />
    <file   src="Png/EUROS.png" />
    <file   src="Png/faggio.png" />
    <file   src="Png/FARM_TR1.png" />
    <file   src="Png/FBIRANCH.png" />
    <file   src="Png/FBITRUCK.png" />
    <file   src="Png/FCR-900.png" />
    <file   src="Png/FELTZER.png" />
    <file   src="Png/firetruck2.png" />
    <file   src="Png/FIRETRUK.png" />
    <file   src="Png/FLASH.png" />
    <file   src="Png/FLATBED.png" />
    <file   src="Png/FORKLIFT.png" />
    <file   src="Png/FORTUNE.png" />
    <file   src="Png/FREEWAY.png" />
    <file   src="Png/GLENDALE.png" />
    <file   src="Png/GOLFCART.png" />
    <file   src="Png/GREENWOOD.png" />
    <file   src="Png/HERMES.png" />
    <file   src="Png/HOTDOG.png" />
    <file   src="Png/HOTKNIFE.png" />
    <file   src="Png/HOTRINGRACER.png" />
    <file   src="Png/HPV1000.png" />
    <file   src="Png/HUNTER.png" />
    <file   src="Png/HUNTLEY.png" />
    <file   src="Png/HUSTLER.png" />
    <file   src="Png/HYDRA.png" />
    <file   src="Png/INFERNUS.png" />
    <file   src="Png/INTRUDER.png" />
    <file   src="Png/JESTER.png" />
    <file   src="Png/Jetmax.png" />
    <file   src="Png/jetpack.png" />
    <file   src="Png/JOURNEY.png" />
    <file   src="Png/KART.png" />
    <file   src="Png/LANDSTAL.png" />
    <file   src="Png/LAUNCH.png" />
    <file   src="Png/LEVIATHAN.png" />
    <file   src="Png/LINERUN.png" />
    <file   src="Png/MAJESTIC.png" />
    <file   src="Png/MANANA.png" />
    <file   src="Png/MARQUIS.png" />
    <file   src="Png/MAVERICK.png" />
    <file   src="Png/MERIT.png" />
    <file   src="Png/MESA.png" />
    <file   src="Png/MONSTER 2.png" />
    <file   src="Png/MONSTER 3.png" />
    <file   src="Png/MONSTER.png" />
    <file   src="Png/MOONBEAM.png" />
    <file   src="Png/Mountain Bike.png" />
    <file   src="Png/MOWER.png" />
    <file   src="Png/MRWHOOP.png" />
    <file   src="Png/MULE.png" />
    <file   src="Png/NEBULA.png" />
    <file   src="Png/NEVADA.png" />
    <file   src="Png/NEWSVAN.png" />
    <file   src="Png/NRG-500.png" />
    <file   src="Png/OCEANIC.png" />
    <file   src="Png/PACKER.png" />
    <file   src="Png/PATRIOT.png" />
    <file   src="Png/PCJ-600.png" />
    <file   src="Png/PEREN.png" />
    <file   src="Png/PETROL.png" />
    <file   src="Png/PETROTR.png" />
    <file   src="Png/PHOENIX.png" />
    <file   src="Png/PICADOR.png" />
    <file   src="Png/pizzaboy.png" />
    <file   src="Png/POLICE_LA.png" />
    <file   src="Png/POLICE_SF.png" />
    <file   src="Png/POLICE_VG.png" />
    <file   src="Png/POLICE MAVERICK.png" />
    <file   src="Png/PONY.png" />
    <file   src="Png/PREDATOR.png" />
    <file   src="Png/PREMIER.png" />
    <file   src="Png/PREVION.png" />
    <file   src="Png/PRIMO.png" />
    <file   src="Png/QUADBIKE.png" />
    <file   src="Png/RAINDANCE.png" />
    <file   src="Png/RANCHER.png" />
    <file   src="Png/RANGER.png" />
    <file   src="Png/RCBANDIT.png" />
    <file   src="Png/RCBARON.png" />
    <file   src="Png/RCCAM.png" />
    <file   src="Png/RCGOBLIN.png" />
    <file   src="Png/RCTIGER.png" />
    <file   src="Png/RDTRAIN.png" />
    <file   src="Png/REEFER.png" />
    <file   src="Png/REGINA.png" />
    <file   src="Png/REMINGTON.png" />
    <file   src="Png/RHINO.png" />
    <file   src="Png/rien.png" />
    <file   src="Png/ROMERO.png" />
    <file   src="Png/RUMPO.png" />
    <file   src="Png/RUSTLER.png" />
    <file   src="Png/SABRE.png" />
    <file   src="Png/SADLER.png" />
    <file   src="Png/sanchez.png" />
    <file   src="Png/SANDKING.png" />
    <file   src="Png/SAVANNA.png" />
    <file   src="Png/SKIMMER.png" />
    <file   src="Png/SEASPARROW.png" />
    <file   src="Png/SECURICA.png" />
    <file   src="Png/SENTINEL.png" />
    <file   src="Png/SHAMAL.png" />
    <file   src="Png/SLAMVAN.png" />
    <file   src="Png/SOLAIR.png" />
    <file   src="Png/SPARROW.png" />
    <file   src="Png/SPEEDER.png" />
    <file   src="Png/SQUALO.png" />
    <file   src="Png/STAFFORD.png" />
    <file   src="Png/STALLION.png" />
    <file   src="Png/STRATUM.png" />
    <file   src="Png/STRETCH.png" />
    <file   src="Png/STUNTPLANE.png" />
    <file   src="Png/SULTAN.png" />
    <file   src="Png/SUNRISE.png" />
    <file   src="Png/SUPER GT.png" />
    <file   src="Png/SWATVAN.png" />
    <file   src="Png/SWEEPER.png" />
    <file   src="Png/TAHOMA.png" />
    <file   src="Png/TAMPA.png" />
    <file   src="Png/TAXI.png" />
    <file   src="Png/TOPFUN.png" />
    <file   src="Png/TORNADO.png" />
    <file   src="Png/TOWTRUCK.png" />
    <file   src="Png/TRACTOR.png" />
    <file   src="Png/TRASH.png" />
    <file   src="Png/TROPIC.png" />
    <file   src="Png/TUG.png" />
    <file   src="Png/TURISMO.png" />
    <file   src="Png/URANUS.png" />
    <file   src="Png/UTILITY.png" />
    <file   src="Png/UTIL_TR1.png" />
    <file   src="Png/VINCENT.png" />
    <file   src="Png/VIRGO.png" />
    <file   src="Png/VOODOO.png" />
    <file   src="Png/VORTEX.png" />
    <file   src="Png/WALTON.png" />
    <file   src="Png/WASHINGTON.png" />
    <file   src="Png/WAYFARER.png" />
    <file   src="Png/WILLARD.png" />
    <file   src="Png/WINDSOR.png" />
    <file   src="Png/YANKEE.png" />
    <file   src="Png/YOSEMITE.png" />
    <file   src="Png/ZR-350.png" />
	
	<file   src="COLORS/rien.png"/>
	<file   src="COLORS/0.png"/>
	<file   src="COLORS/1.png"/>
	<file   src="COLORS/10.png"/>
	<file   src="COLORS/100.png"/>
	<file   src="COLORS/101.png"/>
	<file   src="COLORS/102.png"/>
	<file   src="COLORS/103.png"/>
	<file   src="COLORS/104.png"/>
	<file   src="COLORS/105.png"/>
	<file   src="COLORS/106.png"/>
	<file   src="COLORS/107.png"/>
	<file   src="COLORS/108.png"/>
	<file   src="COLORS/109.png"/>
	<file   src="COLORS/11.png"/>
	<file   src="COLORS/110.png"/>
	<file   src="COLORS/111.png"/>
	<file   src="COLORS/112.png"/>
	<file   src="COLORS/113.png"/>
	<file   src="COLORS/114.png"/>
	<file   src="COLORS/115.png"/>
	<file   src="COLORS/116.png"/>
	<file   src="COLORS/117.png"/>
	<file   src="COLORS/118.png"/>
	<file   src="COLORS/119.png"/>
	<file   src="COLORS/12.png"/>
	<file   src="COLORS/120.png"/>
	<file   src="COLORS/121.png"/>
	<file   src="COLORS/122.png"/>
	<file   src="COLORS/123.png"/>
	<file   src="COLORS/124.png"/>
	<file   src="COLORS/125.png"/>
	<file   src="COLORS/126.png"/>
	<file   src="COLORS/13.png"/>
	<file   src="COLORS/14.png"/>
	<file   src="COLORS/15.png"/>
	<file   src="COLORS/16.png"/>
	<file   src="COLORS/17.png"/>
	<file   src="COLORS/18.png"/>
	<file   src="COLORS/19.png"/>
	<file   src="COLORS/2.png"/>
	<file   src="COLORS/20.png"/>
	<file   src="COLORS/21.png"/>
	<file   src="COLORS/22.png"/>
	<file   src="COLORS/23.png"/>
	<file   src="COLORS/24.png"/>
	<file   src="COLORS/25.png"/>
	<file   src="COLORS/26.png"/>
	<file   src="COLORS/27.png"/>
	<file   src="COLORS/28.png"/>
	<file   src="COLORS/29.png"/>
	<file   src="COLORS/3.png"/>
	<file   src="COLORS/30.png"/>
	<file   src="COLORS/31.png"/>
	<file   src="COLORS/32.png"/>
	<file   src="COLORS/33.png"/>
	<file   src="COLORS/34.png"/>
	<file   src="COLORS/35.png"/>
	<file   src="COLORS/36.png"/>
	<file   src="COLORS/37.png"/>
	<file   src="COLORS/38.png"/>
	<file   src="COLORS/39.png"/>
	<file   src="COLORS/4.png"/>
	<file   src="COLORS/40.png"/>
	<file   src="COLORS/41.png"/>
	<file   src="COLORS/42.png"/>
	<file   src="COLORS/43.png"/>
	<file   src="COLORS/44.png"/>
	<file   src="COLORS/45.png"/>
	<file   src="COLORS/46.png"/>
	<file   src="COLORS/47.png"/>
	<file   src="COLORS/48.png"/>
	<file   src="COLORS/49.png"/>
	<file   src="COLORS/5.png"/>
	<file   src="COLORS/50.png"/>
	<file   src="COLORS/51.png"/>
	<file   src="COLORS/52.png"/>
	<file   src="COLORS/53.png"/>
	<file   src="COLORS/54.png"/>
	<file   src="COLORS/55.png"/>
	<file   src="COLORS/56.png"/>
	<file   src="COLORS/57.png"/>
	<file   src="COLORS/58.png"/>
	<file   src="COLORS/59.png"/>
	<file   src="COLORS/6.png"/>
	<file   src="COLORS/60.png"/>
	<file   src="COLORS/61.png"/>
	<file   src="COLORS/62.png"/>
	<file   src="COLORS/63.png"/>
	<file   src="COLORS/64.png"/>
	<file   src="COLORS/65.png"/>
	<file   src="COLORS/66.png"/>
	<file   src="COLORS/67.png"/>
	<file   src="COLORS/68.png"/>
	<file   src="COLORS/69.png"/>
	<file   src="COLORS/7.png"/>
	<file   src="COLORS/70.png"/>
	<file   src="COLORS/71.png"/> 
	<file   src="COLORS/72.png"/>
    <file   src="COLORS/73.png"/>
    <file   src="COLORS/74.png"/>
    <file   src="COLORS/75.png"/>
    <file   src="COLORS/76.png"/>
    <file   src="COLORS/77.png"/>
    <file   src="COLORS/78.png"/>
    <file   src="COLORS/79.png"/>
    <file   src="COLORS/8.png"/>
    <file   src="COLORS/80.png"/>
    <file   src="COLORS/81.png"/>
    <file   src="COLORS/82.png"/>
    <file   src="COLORS/83.png"/>
    <file   src="COLORS/84.png"/>
    <file   src="COLORS/85.png"/>
    <file   src="COLORS/86.png"/>
    <file   src="COLORS/87.png"/>
    <file   src="COLORS/88.png"/>
    <file   src="COLORS/89.png"/>
    <file   src="COLORS/9.png"/>
    <file   src="COLORS/90.png"/>
    <file   src="COLORS/91.png"/>
    <file   src="COLORS/92.png"/>
    <file   src="COLORS/93.png"/>
    <file   src="COLORS/94.png"/>
    <file   src="COLORS/95.png"/>
    <file   src="COLORS/96.png"/>
    <file   src="COLORS/97.png"/>
    <file   src="COLORS/98.png"/>
    <file   src="COLORS/99.png"/>

	<export function="crearVehiculosJugador" type="server"/>

	<export function="guardarVehiculosJugador" type="server"/>

	<export function="addhudPlayer" type="server"/>

	<export function="getLastID" type="server"/>

    <file   src="sonidos/bloqueo.mp3" />
    <file   src="sonidos/maletero.mp3" />
    <file   src="sonidos/maletero2.mp3" />
    <file   src="sonidos/motor.mp3" />

        <file   src="sonidos/noarranca.ogg" />
        <file   src="sonidos/reparar.ogg" />


	<oop>true</oop>

</meta>