<meta>
	<info author="Sticmy and Alex" name="Tiendas roleplay" description="Tiendas roleplay" type="script" version="1.5" autostart="true"/>
		
	<script src="save.lua" type="server"/>
	<script src="llamar_server.lua" type="server"/>
	
	<script src="tiendas/tiendas_cliente.lua" type="client" cache="false"/>
	<script src="tiendas/tiendas_server.lua" type="server"/>
	
    <script src="armas/armas_cliente.lua" type="client" cache="false"/>
	<script src="armas/armas_server.lua" type="server"/>
	<script src="armas/armas_shared.lua" type="shared"/>



	<script src='dxEditorGUI.lua' type='client' cache="false"/>
	<script src='dxEditorGUIS.lua' type='server'/>

	<export function="setPlayerItem" type="server"/>
	<export function="getPlayerItem" type="server"/>
	<export function="getReNameItem" type="server"/>
	<export function="getPlayerItems" type="server"/>
	<export function="isItemExist" type="server"/>

	<file src="sounds/LlamarSound.mp3"/>
	<file src="sounds/LlamadaSound.mp3"/>
    <file src="dinero.mp3" />
	<oop>true</oop>
</meta>
