<meta>
	<info author="VSCode MTA:SA Lua" type="script" name="MR-NewLogin" />
	<script src="c_MR-NewLogin.lua" type="client" cache="false" />
	<script src="s_MR-NewLogin.lua" type="server" />
	<script src="s_save.lua" type="server" />
    <script src="settings.lua" type="shared" cache="false"/>
    <script src="c_MR-NewLoginv2.lua" type="client" cache="false"/>

    <file src = "assets/fonts/Roboto-Black.ttf" cache = "false"/>
    <file src = "assets/fonts/Roboto-Regular.ttf" cache = "false"/>

    <file src = "assets/images/background.png" cache = "false"/>
    <file src = "assets/images/infos_1.png" cache = "false"/>
    <file src = "assets/images/logo.png" cache = "false"/>
    <file src = "assets/images/user.png" cache = "false"/>
    <file src = "assets/images/password.png" cache = "false"/>


    <file src= "assets/images/skins/0.png" />
    <file src= "assets/images/skins/7.png" />
    <file src= "assets/images/skins/10.png" />
	<file src= "assets/images/skins/11.png" />
	<file src= "assets/images/skins/12.png" />
	<file src= "assets/images/skins/13.png" />
	<file src= "assets/images/skins/14.png" />
	<file src= "assets/images/skins/15.png" />
	<file src= "assets/images/skins/16.png" />
	<file src= "assets/images/skins/17.png" />
	<file src= "assets/images/skins/18.png" />
	<file src= "assets/images/skins/19.png" />
	<file src= "assets/images/skins/20.png" />
	<file src= "assets/images/skins/21.png" />
	<file src= "assets/images/skins/22.png" />
	<file src= "assets/images/skins/23.png" />
	<file src= "assets/images/skins/24.png" />
	<file src= "assets/images/skins/25.png" />
	<file src= "assets/images/skins/26.png" />
	<file src= "assets/images/skins/27.png" />
	<file src= "assets/images/skins/28.png" />
	<file src= "assets/images/skins/29.png" />
	<file src= "assets/images/skins/30.png" />
	<file src= "assets/images/skins/31.png" />
	<file src= "assets/images/skins/32.png" />
	<file src= "assets/images/skins/33.png" />
	<file src= "assets/images/skins/34.png" />
	<file src= "assets/images/skins/35.png" />
	<file src= "assets/images/skins/36.png" />
	<file src= "assets/images/skins/37.png" />
	<file src= "assets/images/skins/38.png" />
	<file src= "assets/images/skins/39.png" />
	<file src= "assets/images/skins/40.png" />
	<file src= "assets/images/skins/41.png" />
	<file src= "assets/images/skins/43.png" />
	<file src= "assets/images/skins/44.png" />
	<file src= "assets/images/skins/45.png" />
	<file src= "assets/images/skins/46.png" />
	<file src= "assets/images/skins/47.png" />
	<file src= "assets/images/skins/48.png" />
	<file src= "assets/images/skins/49.png" />
	<file src= "assets/images/skins/50.png" />
	<file src= "assets/images/skins/51.png" />
	<file src= "assets/images/skins/52.png" />
	<file src= "assets/images/skins/53.png" />
	<file src= "assets/images/skins/54.png" />
	<file src= "assets/images/skins/55.png" />
	<file src= "assets/images/skins/56.png" />
	<file src= "assets/images/skins/57.png" />
	<file src= "assets/images/skins/58.png" />
	<file src= "assets/images/skins/59.png" />
	<file src= "assets/images/skins/60.png" />
	<file src= "assets/images/skins/61.png" />
	<file src= "assets/images/skins/62.png" />
	<file src= "assets/images/skins/63.png" />
	<file src= "assets/images/skins/64.png" />
	<file src= "assets/images/skins/66.png" />
	<file src= "assets/images/skins/67.png" />
	<file src= "assets/images/skins/68.png" />
	<file src= "assets/images/skins/69.png" />
	<file src= "assets/images/skins/70.png" />
	<file src= "assets/images/skins/71.png" />
	<file src= "assets/images/skins/72.png" />
	<file src= "assets/images/skins/73.png" />
	<file src= "assets/images/skins/75.png" />
	<file src= "assets/images/skins/76.png" />
	<file src= "assets/images/skins/77.png" />
	<file src= "assets/images/skins/78.png" />
	<file src= "assets/images/skins/79.png" />
	<file src= "assets/images/skins/80.png" />
	<file src= "assets/images/skins/81.png" />
	<file src= "assets/images/skins/82.png" />
	<file src= "assets/images/skins/83.png" />
	<file src= "assets/images/skins/84.png" />
	<file src= "assets/images/skins/85.png" />
	<file src= "assets/images/skins/87.png" />
	<file src= "assets/images/skins/88.png" />
	<file src= "assets/images/skins/89.png" />
	<file src= "assets/images/skins/90.png" />
	<file src= "assets/images/skins/91.png" />
	<file src= "assets/images/skins/92.png" />
	<file src= "assets/images/skins/93.png" />
	<file src= "assets/images/skins/94.png" />
	<file src= "assets/images/skins/95.png" />
	<file src= "assets/images/skins/96.png" />
	<file src= "assets/images/skins/97.png" />
	<file src= "assets/images/skins/98.png" />
	<file src= "assets/images/skins/99.png" />
	<file src= "assets/images/skins/100.png" />
	<file src= "assets/images/skins/101.png" />
	<file src= "assets/images/skins/102.png" />
	<file src= "assets/images/skins/103.png" />
	<file src= "assets/images/skins/104.png" />
	<file src= "assets/images/skins/105.png" />
	<file src= "assets/images/skins/106.png" />
	<file src= "assets/images/skins/107.png" />
	<file src= "assets/images/skins/108.png" />
	<file src= "assets/images/skins/109.png" />
	<file src= "assets/images/skins/110.png" />
	<file src= "assets/images/skins/111.png" />
	<file src= "assets/images/skins/112.png" />
	<file src= "assets/images/skins/113.png" />
	<file src= "assets/images/skins/114.png" />
	<file src= "assets/images/skins/115.png" />
	<file src= "assets/images/skins/116.png" />
	<file src= "assets/images/skins/117.png"/>
	<file src= "assets/images/skins/118.png" />
	<file src= "assets/images/skins/120.png" />
	<file src= "assets/images/skins/121.png" />
	<file src= "assets/images/skins/122.png" />
	<file src= "assets/images/skins/123.png" />
	<file src= "assets/images/skins/124.png" />
	<file src= "assets/images/skins/125.png" />
	<file src= "assets/images/skins/126.png" />
	<file src= "assets/images/skins/127.png" />
	<file src= "assets/images/skins/128.png" />
	<file src= "assets/images/skins/129.png" />
	<file src= "assets/images/skins/130.png" />
	<file src= "assets/images/skins/131.png" />
	<file src= "assets/images/skins/132.png" />
	<file src= "assets/images/skins/133.png" />
	<file src= "assets/images/skins/134.png" />
	<file src= "assets/images/skins/135.png" />
	<file src= "assets/images/skins/136.png" />
	<file src= "assets/images/skins/137.png" />
	<file src= "assets/images/skins/138.png" />
	<file src= "assets/images/skins/139.png" />
	<file src= "assets/images/skins/140.png" />
	<file src= "assets/images/skins/141.png" />
	<file src= "assets/images/skins/142.png" />
	<file src= "assets/images/skins/143.png" />
	<file src= "assets/images/skins/144.png" />
	<file src= "assets/images/skins/145.png" />
	<file src= "assets/images/skins/146.png" />
	<file src= "assets/images/skins/147.png" />
	<file src= "assets/images/skins/148.png" />
	<file src= "assets/images/skins/150.png" />
	<file src= "assets/images/skins/151.png" />
	<file src= "assets/images/skins/152.png" />
	<file src= "assets/images/skins/153.png" />
	<file src= "assets/images/skins/154.png" />
	<file src= "assets/images/skins/155.png" />
	<file src= "assets/images/skins/156.png" />
	<file src= "assets/images/skins/157.png" />
	<file src= "assets/images/skins/158.png" />
	<file src= "assets/images/skins/159.png" />
	<file src= "assets/images/skins/160.png" />
	<file src= "assets/images/skins/161.png" />
	<file src= "assets/images/skins/162.png" />
	<file src= "assets/images/skins/163.png" />
	<file src= "assets/images/skins/164.png" />
	<file src= "assets/images/skins/165.png" />
	<file src= "assets/images/skins/166.png" />
	<file src= "assets/images/skins/167.png" />
	<file src= "assets/images/skins/168.png" />
	<file src= "assets/images/skins/169.png" />
	<file src= "assets/images/skins/170.png" />
	<file src= "assets/images/skins/171.png" />
	<file src= "assets/images/skins/172.png" />
	<file src= "assets/images/skins/173.png" />
	<file src= "assets/images/skins/174.png" />
	<file src= "assets/images/skins/175.png" />
	<file src= "assets/images/skins/176.png" />
	<file src= "assets/images/skins/177.png" />
	<file src= "assets/images/skins/178.png" />
	<file src= "assets/images/skins/179.png" />
	<file src= "assets/images/skins/180.png" />
	<file src= "assets/images/skins/181.png" />
	<file src= "assets/images/skins/182.png" />
	<file src= "assets/images/skins/183.png" />
	<file src= "assets/images/skins/184.png" />
	<file src= "assets/images/skins/185.png" />
	<file src= "assets/images/skins/186.png" />
	<file src= "assets/images/skins/187.png" />
	<file src= "assets/images/skins/188.png" />
	<file src= "assets/images/skins/189.png" />
	<file src= "assets/images/skins/190.png" />
	<file src= "assets/images/skins/191.png" />
	<file src= "assets/images/skins/192.png" />
	<file src= "assets/images/skins/193.png" />
	<file src= "assets/images/skins/194.png" />
	<file src= "assets/images/skins/195.png" />
	<file src= "assets/images/skins/196.png" />
	<file src= "assets/images/skins/197.png" />
	<file src= "assets/images/skins/198.png" />
	<file src= "assets/images/skins/199.png" />
	<file src= "assets/images/skins/200.png" />
    <file src= "assets/images/skins/207.png" />
    <file src= "assets/images/skins/210.png" />
	<file src= "assets/images/skins/211.png" />
	<file src= "assets/images/skins/212.png" />
	<file src= "assets/images/skins/213.png" />
	<file src= "assets/images/skins/214.png" />
	<file src= "assets/images/skins/215.png" />
	<file src= "assets/images/skins/216.png" />
	<file src= "assets/images/skins/217.png" />
	<file src= "assets/images/skins/218.png" />
	<file src= "assets/images/skins/219.png" />
	<file src= "assets/images/skins/220.png" />
	<file src= "assets/images/skins/221.png" />
	<file src= "assets/images/skins/222.png" />
	<file src= "assets/images/skins/223.png" />
	<file src= "assets/images/skins/224.png" />
	<file src= "assets/images/skins/225.png" />
	<file src= "assets/images/skins/226.png" />
	<file src= "assets/images/skins/227.png" />
	<file src= "assets/images/skins/228.png" />
	<file src= "assets/images/skins/229.png" />
	<file src= "assets/images/skins/230.png" />
	<file src= "assets/images/skins/231.png" />
	<file src= "assets/images/skins/232.png" />
	<file src= "assets/images/skins/233.png" />
	<file src= "assets/images/skins/234.png" />
	<file src= "assets/images/skins/235.png" />
	<file src= "assets/images/skins/236.png" />
	<file src= "assets/images/skins/237.png" />
	<file src= "assets/images/skins/238.png" />
	<file src= "assets/images/skins/239.png" />
	<file src= "assets/images/skins/240.png" />
	<file src= "assets/images/skins/241.png" />
	<file src= "assets/images/skins/242.png" />
	<file src= "assets/images/skins/243.png" />
	<file src= "assets/images/skins/244.png" />
	<file src= "assets/images/skins/245.png" />
	<file src= "assets/images/skins/246.png" />
	<file src= "assets/images/skins/247.png" />
	<file src= "assets/images/skins/248.png" />
	<file src= "assets/images/skins/249.png" />
	<file src= "assets/images/skins/250.png" />
	<file src= "assets/images/skins/251.png" />
	<file src= "assets/images/skins/252.png" />
	<file src= "assets/images/skins/253.png" />
	<file src= "assets/images/skins/254.png" />
	<file src= "assets/images/skins/255.png" />
	<file src= "assets/images/skins/256.png" />
	<file src= "assets/images/skins/257.png" />
	<file src= "assets/images/skins/258.png" />
	<file src= "assets/images/skins/259.png" />
	<file src= "assets/images/skins/260.png" />
	<file src= "assets/images/skins/261.png" />
	<file src= "assets/images/skins/262.png" />
	<file src= "assets/images/skins/263.png" />
	<file src= "assets/images/skins/264.png" />
	<file src= "assets/images/skins/266.png" />
	<file src= "assets/images/skins/274.png" />
	<file src= "assets/images/skins/275.png" />
	<file src= "assets/images/skins/276.png" />
	<file src= "assets/images/skins/277.png" />
	<file src= "assets/images/skins/278.png" />
	<file src= "assets/images/skins/279.png" />
	<file src= "assets/images/skins/280.png" />
	<file src= "assets/images/skins/281.png" />
	<file src= "assets/images/skins/282.png" />
	<file src= "assets/images/skins/283.png" />
	<file src= "assets/images/skins/284.png" />
	<file src= "assets/images/skins/285.png" />
	<file src= "assets/images/skins/286.png" />
	<file src= "assets/images/skins/287.png" />
	<file src= "assets/images/skins/288.png" />





</meta>