<meta>
	<info author="Sticmy" name="Reparación de coches" version="1.0" type="script" autostart="true"/>

	<script src="tabla_reparaciones.lua" type="shared" cache="false"/>

	<script src="reparacion_server.lua" type="server" />
	<script src="reparacion_cliente.lua" type="client" cache="false"/>

	<script src="ModShopColor/table_colores.lua" type="shared" cache="false"/>

	<script src="ModShopColor/colores_server.lua" type="server"/>
	<script src="ModShopColor/colores_cliente.lua" type="client" cache="false"/>

	<oop>true</oop>
</meta>