<messages>
    <message>
        <read>true</read>
        <subject>Tomas</subject>
        <category>Question</category>
        <author>Adelio_Gomez</author>
        <time>2020-06-09 23:06</time>
        <text>Tomas es un anti rolero, MD, porfavor denle un banneo, me choco en direccion contraria y en el mecanico me enpeso a pegar el auto y ami por la cara despues enpeso a chocar a todos en el mecanico, BAN PORFAVOR.&#x0A;&#x0A;</text>
    </message>
    <message>
        <read>true</read>
        <subject>Lautaro_Torres</subject>
        <category>Question</category>
        <author>Adelio_Gomez</author>
        <time>2020-06-13 18:57</time>
        <text>Le digo que es zona de mafia y enpieza a chocar y insultar como si nada.&#x0A;</text>
    </message>
</messages>
