<meta>
	<info author="SrFilif" name="Majestic Roleplay Core" description="El core de Majestic Roleplay" type="gamemode" version="1.5" autostart="true"/>

	<script src="gamemode.lua" type="server"/>
	<script src="sacar_identificacion.lua" type="server"/>
	<!--Chats-->
	<script src="chats/anti_ip.lua" type="server"/>
	<script src="chats/chat_principal.lua" type="server"/>
	<script src="chats/chat_administrativo.lua" type="server"/>
	<script src="chats/chat_do.lua" type="server"/>
	<script src="chats/chat_ooc.lua" type="server"/>
	<script src="chats/chat_grito.lua" type="server"/>
	<script src="chats/describir_personaje.lua" type="server"/>
	<!---->
		<export function="getFromName" type="server"/>
	<!--Hud-->
	<script src="hud/hud_server.lua" type="server"/>
	<script src="hud/hud_cliente.lua" type="client" cache="false"/>
	<script src="hud/hud_new.lua" type="client" cache="false"/>

	<!---->
	<!--Comandos-->
	<script src="commands/anims_server.lua" type="server"/>
	<script src="commands/datos.lua" type="server"/>
	<script src="commands/dni.lua" type="server"/>
	<script src="commands/duda_pm_utils.lua" type="server"/>
	<!---->
	<!--Peds-->
	<script src="peds_and_yo/peds_cliente.lua" type="client" cache="false"/>
	<!---->
	<!--Pickups Infos-->
	<script src="pickups_info/pickups_info.lua" type="client" cache="false"/>
	<!---->



	<export function="MensajeRoleplay" type="server"/>
	
	<export function="addhudPlayer" type="server"/>
	<export function="message_admins" type="server"/>
	<export function="addhudPlayer" type="client"/>
	<export function="removeHudPlayer" type="server"/>
	<export function="removeHudPlayer" type="client"/>
	
	
		<!-- DATABASE SYSTEM-->
	 <script src="database/conexion.lua" type="server"/>
	 <export function="getDatabase" type="server" />


	<script src="functions/exports.lua" type="server"/>
	<script src="functions/getmap.lua" type="client"/>
	<script src="functions/exports_shared.lua" type="shared"/>
	 

	
	<oop>true</oop>
</meta>